Question,No RAG,RAG,Evidence
What was Marquette's hitting percentage in 2025?,.22%,yr pos,"['18\n 6 2025-2026 09/07/2025 Lehigh      L 1-3      4    58     26\n 7 2025-2026 09/12/2025 Milwaukee … W 3-1      4    60     14\n 8 2025-2026 09/13/2025 @ Marquette L 0-3      3    41     16\n 9 2025-2026 09/14/2025 Ball St. @… W 3-2      5    71     13\n10 2025-2026 09/19/2025 UTRGV       W 3-1      4    65     19\n# ℹ 21 more rows\n# ℹ 6 more variables: total_attacks <dbl>, hit_pct <dbl>,\n#   assists <dbl>, aces <dbl>, digs <dbl>, pts <dbl>\n# ℹ Use `print(n = ...)` to see more rows', 'Team: Gonzaga\nConference: WCC\nSeason: 2025\nTeamID: 604828\n\nTeam Season Stats:\n# A tibble: 1 × 21\n  season    teamid team    conference     s kills errors\n  <chr>     <chr>  <chr>   <chr>      <dbl> <dbl>  <dbl>\n1 2025-2026 604828 Gonzaga WCC          112  1430    591\n# ℹ 14 more variables: total_attacks <dbl>, hit_pct <dbl>,\n#   assists <dbl>, aces <dbl>, serr <dbl>, digs <dbl>,\n#   retatt <dbl>, rerr <dbl>, block_solos <dbl>,\n#   block_assists <dbl>, berr <dbl>, pts <dbl>, bhe <dbl>,\n#   trpl_dbl <dbl>\n\nPlayer Stats:\n# A tibble: 15 × 28\n   season   teamid team  conference number player yr    pos  \n   <chr>    <chr>  <chr> <chr>       <dbl> <chr>  <chr> <chr>\n 1 2025-20… 604828 Gonz… WCC             1 Kelly… Fr    OH   \n 2 2025-20… 604828 Gonz… WCC             2 Kate … So    S    \n 3 2025-', '15\n 8 2025-2026 09/14/2025 Villanova   L 1-3      4    44     28\n 9 2025-2026 09/19/2025 VCU         L 1-3      4    56     29\n10 2025-2026 09/20/2025 Wake Forest L 1-3      4    39     24\n# ℹ 17 more rows\n# ℹ 6 more variables: total_attacks <dbl>, hit_pct <dbl>,\n#   assists <dbl>, aces <dbl>, digs <dbl>, pts <dbl>\n# ℹ Use `print(n = ...)` to see more rows']"
Which Big East team had the most digs?,the New England Patriots,Summary: NIU @DeLan L 2-3 5 55 23 2 2025-2026 08/30/2025 Southern M L 0-3 3 40 17 3 2025-2026 08/30/2025 @ Stetson W 3-2 5 53 21 4 2025-2026 09/02/2025 Prairie Vi W 3-0 3 37 13 5 2025-2026 09/05/2025 @ Tulane L 2-3 5 42 28 6 2025-2026 09/07/2025 Louisiana  W 3-1 4 49 17 8 2025-2026 09/09/2025 @ Sam Hous L 2-3 5 42 28 6 2025-2026 09/06/2025,"['#   digs <dbl>, retatt <dbl>, rerr <dbl>, block_solos <dbl>,\n#   block_assists <dbl>, berr <dbl>, pts <dbl>, bhe <dbl>,\n#   trpl_dbl <dbl>\n\nMatch Summary:\n# A tibble: 32 × 13\n   season    date       opponent    result     s kills errors\n   <chr>     <chr>      <chr>       <chr>  <dbl> <dbl>  <dbl>\n 1 2025-2026 08/29/2025 NIU @DeLan… L 2-3      5    55     23\n 2 2025-2026 08/29/2025 Southern M… L 0-3      3    40     17\n 3 2025-2026 08/30/2025 @ Stetson   W 3-2      5    53     21\n 4 2025-2026 09/02/2025 Prairie Vi… W 3-0      3    37     13\n 5 2025-2026 09/05/2025 @ Tulane    L 2-3      5    42     28\n 6 2025-2026 09/06/2025 Southern U… W 3-0      3    44      9\n 7 2025-2026 09/07/2025 Louisiana … W 3-1      4    49     17\n 8 2025-2026 09/09/2025 @ Sam Hous… L 1-3      4    38     19\n 9 20', '<dbl>, rerr <dbl>, block_solos <dbl>,\n#   block_assists <dbl>, berr <dbl>, pts <dbl>, bhe <dbl>,\n#   trpl_dbl <dbl>\n\nMatch Summary:\n# A tibble: 30 × 13\n   season    date       opponent    result     s kills errors\n   <chr>     <chr>      <chr>       <chr>  <dbl> <dbl>  <dbl>\n 1 2025-2026 08/29/2025 Utah St. @… W 3-2      5    50     14\n 2 2025-2026 08/30/2025 Marquette … W 3-2      5    68     19\n 3 2025-2026 08/31/2025 @ Hawaii    W 3-0      3    33     10\n 4 2025-2026 09/05/2025 Creighton … L 1-3      4    37     18\n 5 2025-2026 09/06/2025 @ Southern… L 2-3      5    52     23\n 6 2025-2026 09/07/2025 UC Santa B… L 1-3      4    45     24\n 7 2025-2026 09/13/2025 Arizona @S… W 3-2      5    67     22\n 8 2025-2026 09/14/2025 @ Washingt… W 3-2      5    60     25\n 9 2025-2026 09/18/2025 Yal', '#   digs <dbl>, retatt <dbl>, rerr <dbl>, block_solos <dbl>,\n#   block_assists <dbl>, berr <dbl>, pts <dbl>, bhe <dbl>,\n#   trpl_dbl <dbl>\n\nMatch Summary:\n# A tibble: 28 × 13\n   season    date       opponent    result     s kills errors\n   <chr>     <chr>      <chr>       <chr>  <dbl> <dbl>  <dbl>\n 1 2025-2026 08/29/2025 @ Idaho     L 0-3      3    42     19\n 2 2025-2026 08/29/2025 Portland @… L 0-3      3    35     19\n 3 2025-2026 08/30/2025 Cal St. Fu… L 1-3      4    50     32\n 4 2025-2026 09/06/2025 Bucknell @… L 1-3      4    57     32\n 5 2025-2026 09/07/2025 @ North Ca… L 0-3      3    30     27\n 6 2025-2026 09/11/2025 Texas Sout… L 0-3      3    38     23\n 7 2025-2026 09/12/2025 UCLA @El P… L 0-3      3    26     22\n 8 2025-2026 09/13/2025 @ UTEP      L 0-3      3    21     20\n 9 20']"
List the setters on Creighton’s roster.,"robert mccartney jr. , jim mccartney , jim mccartney , jim mccartney , jim mccartney , jim mccartney , jim mccartney , jim mccartney , jim mc",Utah St. @ W 3-2 5 50 14 2 2025-2026 08/30/2025 Marquette  W 3-2 5 68 19 3 2025-2026 08/31/2025 @ Hawaii W 3-0,"['ference number player yr    pos  \n   <chr>    <chr>  <chr> <chr>       <dbl> <chr>  <chr> <chr>\n 1 2025-20… 605045 East… Southland       1 Graci… Jr    OH   \n 2 2025-20… 605045 East… Southland       2 Haley… Jr    S    \n 3 2025-20… 605045 East… Southland       3 Jordy… Fr    L/DS \n 4 2025-20… 605045 East… Southland       4 Semaj… So    L/DS \n 5 2025-20… 605045 East… Southland       5 MJ Kl… Sr    RS   \n 6 2025-20… 605045 East… Southland       6 Jade … Fr    L/DS \n 7 2025-20… 605045 East… Southland       7 Court… Sr    OH   \n 8 2025-20… 605045 East… Southland       8 Katel… Fr    S    \n 9 2025-20… 605045 East… Southland       9 Peyto… Sr    OH   \n10 2025-20… 605045 East… Southland      10 Kylie… Jr    L/DS \n11 2025-20… 605045 East… Southland      11 Brook… Jr    MB   \n12 2025-20… 605045 Eas', '<dbl>, rerr <dbl>, block_solos <dbl>,\n#   block_assists <dbl>, berr <dbl>, pts <dbl>, bhe <dbl>,\n#   trpl_dbl <dbl>\n\nMatch Summary:\n# A tibble: 30 × 13\n   season    date       opponent    result     s kills errors\n   <chr>     <chr>      <chr>       <chr>  <dbl> <dbl>  <dbl>\n 1 2025-2026 08/29/2025 Utah St. @… W 3-2      5    50     14\n 2 2025-2026 08/30/2025 Marquette … W 3-2      5    68     19\n 3 2025-2026 08/31/2025 @ Hawaii    W 3-0      3    33     10\n 4 2025-2026 09/05/2025 Creighton … L 1-3      4    37     18\n 5 2025-2026 09/06/2025 @ Southern… L 2-3      5    52     23\n 6 2025-2026 09/07/2025 UC Santa B… L 1-3      4    45     24\n 7 2025-2026 09/13/2025 Arizona @S… W 3-2      5    67     22\n 8 2025-2026 09/14/2025 @ Washingt… W 3-2      5    60     25\n 9 2025-2026 09/18/2025 Yal', 'lock_assists <dbl>, berr <dbl>, pts <dbl>, bhe <dbl>,\n#   trpl_dbl <dbl>\n\nMatch Summary:\n# A tibble: 29 × 13\n   season    date       opponent    result     s kills errors\n   <chr>     <chr>      <chr>       <chr>  <dbl> <dbl>  <dbl>\n 1 2025-2026 08/29/2025 Baylor @Ba… L 1-3      4    47     25\n 2 2025-2026 08/30/2025 @ LSU       L 0-3      3    26     18\n 3 2025-2026 09/05/2025 Central Mi… W 3-1      4    51     19\n 4 2025-2026 09/06/2025 Iowa St. @… L 0-3      3    28     19\n 5 2025-2026 09/07/2025 @ Milwaukee W 3-1      4    48     23\n 6 2025-2026 09/11/2025 Southeaste… W 3-0      3    40     11\n 7 2025-2026 09/13/2025 Tulane      W 3-1      4    69     27\n 8 2025-2026 09/16/2025 @ Mississi… L 1-3      4    54     26\n 9 2025-2026 09/18/2025 @ Samford   W 3-2      5    56     24\n10 2025-2']"
"Who were the best five hitters in the Big Ten, based on kills and hitting percentage?",adam sandler,"# assists dbl>, aces dbl>, serr dbl>, digs dbl>, # retatt dbl>, rerr dbl>, block_solos dbl>, # block_assists dbl>, berr dbl>, pts dbl>, bhe dbl>, # trpl_dbl dbl>","['Team: James Madison\nConference: Sun Belt\nSeason: 2025\nTeamID: 604851\n\nTeam Season Stats:\n# A tibble: 1 × 21\n  season    teamid team         conference     s kills errors\n  <chr>     <chr>  <chr>        <chr>      <dbl> <dbl>  <dbl>\n1 2025-2026 604851 James Madis… Sun Belt     126  1695    614\n# ℹ 14 more variables: total_attacks <dbl>, hit_pct <dbl>,\n#   assists <dbl>, aces <dbl>, serr <dbl>, digs <dbl>,\n#   retatt <dbl>, rerr <dbl>, block_solos <dbl>,\n#   block_assists <dbl>, berr <dbl>, pts <dbl>, bhe <dbl>,\n#   trpl_dbl <dbl>\n\nPlayer Stats:\n# A tibble: 15 × 28\n   season   teamid team  conference number player yr    pos  \n   <chr>    <chr>  <chr> <chr>       <dbl> <chr>  <chr> <chr>\n 1 2025-20… 604851 Jame… Sun Belt        1 Kenne… Jr    OH   \n 2 2025-20… 604851 Jame… Sun Belt        2 G', 'Team: Chattanooga\nConference: SoCon\nSeason: 2025\nTeamID: 604920\n\nTeam Season Stats:\n# A tibble: 1 × 21\n  season    teamid team        conference     s kills errors\n  <chr>     <chr>  <chr>       <chr>      <dbl> <dbl>  <dbl>\n1 2025-2026 604920 Chattanooga SoCon        111  1391    562\n# ℹ 14 more variables: total_attacks <dbl>, hit_pct <dbl>,\n#   assists <dbl>, aces <dbl>, serr <dbl>, digs <dbl>,\n#   retatt <dbl>, rerr <dbl>, block_solos <dbl>,\n#   block_assists <dbl>, berr <dbl>, pts <dbl>, bhe <dbl>,\n#   trpl_dbl <dbl>\n\nPlayer Stats:\n# A tibble: 16 × 28\n   season   teamid team  conference number player yr    pos  \n   <chr>    <chr>  <chr> <chr>       <dbl> <chr>  <chr> <chr>\n 1 2025-20… 604920 Chat… SoCon           0 Baile… Jr    MB   \n 2 2025-20… 604920 Chat… SoCon           1 Addis… Fr', 'Team: Washington St.\nConference: WCC\nSeason: 2025\nTeamID: 604946\n\nTeam Season Stats:\n# A tibble: 1 × 21\n  season    teamid team         conference     s kills errors\n  <chr>     <chr>  <chr>        <chr>      <dbl> <dbl>  <dbl>\n1 2025-2026 604946 Washington … WCC          100  1336    523\n# ℹ 14 more variables: total_attacks <dbl>, hit_pct <dbl>,\n#   assists <dbl>, aces <dbl>, serr <dbl>, digs <dbl>,\n#   retatt <dbl>, rerr <dbl>, block_solos <dbl>,\n#   block_assists <dbl>, berr <dbl>, pts <dbl>, bhe <dbl>,\n#   trpl_dbl <dbl>\n\nPlayer Stats:\n# A tibble: 18 × 28\n   season   teamid team  conference number player yr    pos  \n   <chr>    <chr>  <chr> <chr>       <dbl> <chr>  <chr> <chr>\n 1 2025-20… 604946 Wash… WCC             1 Kylie… Sr    L    \n 2 2025-20… 604946 Wash… WCC             2 Taryn']"
Who is likely to win if Kentucky and Florida play each other?,Florida,"Summary: Illinois @ W 3-1 4 59 16 2 2025-2026 08/30/2025 @ UNI L 1-3 4 37 33 3 2025-2026 09/05/2025 Ole Miss W 3-0 3 41 17 4 2025-2026 09/12/2025 Dayton @Mi W 3-0 3 45 20 6 2025-2026 09/12/2025 Boise St. W 3-0 3 43 18 , rerr dbl>, block_solos dbl>, block_solos dbl>, pts dbl>, bhe dbl>, #","['l>,\n#   digs <dbl>, retatt <dbl>, rerr <dbl>, block_solos <dbl>,\n#   block_assists <dbl>, berr <dbl>, pts <dbl>, bhe <dbl>,\n#   trpl_dbl <dbl>\n\nMatch Summary:\n# A tibble: 28 × 13\n   season    date       opponent    result     s kills errors\n   <chr>     <chr>      <chr>       <chr>  <dbl> <dbl>  <dbl>\n 1 2025-2026 08/29/2025 Illinois @… W 3-1      4    59     16\n 2 2025-2026 08/30/2025 @ UNI       L 1-3      4    37     33\n 3 2025-2026 09/05/2025 Ole Miss    W 3-0      3    41     17\n 4 2025-2026 09/07/2025 Wyoming     W 3-1      4    60     27\n 5 2025-2026 09/12/2025 Dayton @Mi… W 3-0      3    45     20\n 6 2025-2026 09/13/2025 South Fla.… W 3-0      3    37     14\n 7 2025-2026 09/14/2025 @ Minnesota L 1-3      4    55     32\n 8 2025-2026 09/19/2025 Boise St.   W 3-0      3    43     18', ', rerr <dbl>, block_solos <dbl>,\n#   block_assists <dbl>, berr <dbl>, pts <dbl>, bhe <dbl>,\n#   trpl_dbl <dbl>\n\nMatch Summary:\n# A tibble: 28 × 13\n   season    date       opponent    result     s kills errors\n   <chr>     <chr>      <chr>       <chr>  <dbl> <dbl>  <dbl>\n 1 2025-2026 08/29/2025 Georgia     L 0-3      3    40     16\n 2 2025-2026 08/31/2025 Troy        W 3-2      5    55     16\n 3 2025-2026 09/04/2025 Winthrop @… W 3-2      5    61     26\n 4 2025-2026 09/05/2025 @ Tennessee L 0-3      3    16     17\n 5 2025-2026 09/09/2025 @ North Al… L 0-3      3    43     17\n 6 2025-2026 09/12/2025 Wichita St… L 0-3      3    30     14\n 7 2025-2026 09/12/2025 Radford @C… W 3-0      3    46      8\n 8 2025-2026 09/13/2025 @ Tennesse… W 3-2      5    56     15\n 9 2025-2026 09/18/2025 South Ala', ', pts <dbl>, bhe <dbl>,\n#   trpl_dbl <dbl>\n\nMatch Summary:\n# A tibble: 31 × 13\n   season    date       opponent    result     s kills errors\n   <chr>     <chr>      <chr>       <chr>  <dbl> <dbl>  <dbl>\n 1 2025-2026 08/29/2025 @ UTSA      W 3-0      3    46     13\n 2 2025-2026 08/30/2025 Texas St. … W 3-1      4    52     18\n 3 2025-2026 09/04/2025 Louisiana   W 3-1      4    61     18\n 4 2025-2026 09/05/2025 Abilene Ch… W 3-2      5    61     27\n 5 2025-2026 09/06/2025 Sam Houston L 1-3      4    67     29\n 6 2025-2026 09/11/2025 @ Loyola C… L 2-3      5    66     24\n 7 2025-2026 09/12/2025 Bowling Gr… L 1-3      4    43     27\n 8 2025-2026 09/13/2025 Indiana @C… L 0-3      3    32     29\n 9 2025-2026 09/16/2025 Tarleton S… W 3-0      3    46      8\n10 2025-2026 09/18/2025 SMU         L 0']"
Which player in the Big 12 had the most kills?,Bill Belichick,Match Summary: # A tibble: 26  13 season date opponent result s kills errors chr> chr> chr> chr> chr> dbl> dbl> dbl> dbl> 1 2025-2026 08/29/2025 Tarleton S W 3-0 3 42 10 2 2025-2026 08/30/2025 Tarleton S W 3-1 4 53 23 3 2025-2026 08/31/2025 New Orleans W 3-2 5 67 27 4 2025-2026 09/04/2025 @ SFA L 1-3 4 46 23,"['kills <dbl>, errors <dbl>, total_attacks <dbl>,\n#   hit_pct <dbl>, assists <dbl>, aces <dbl>, serr <dbl>,\n#   digs <dbl>, retatt <dbl>, rerr <dbl>, block_solos <dbl>,\n#   block_assists <dbl>, berr <dbl>, pts <dbl>, bhe <dbl>,\n#   trpl_dbl <dbl>\n\nMatch Summary:\n# A tibble: 26 × 13\n   season    date       opponent    result     s kills errors\n   <chr>     <chr>      <chr>       <chr>  <dbl> <dbl>  <dbl>\n 1 2025-2026 08/29/2025 Texas Sout… W 3-0      3    42     10\n 2 2025-2026 08/30/2025 Tarleton S… W 3-1      4    53     23\n 3 2025-2026 08/31/2025 New Orleans W 3-2      5    67     27\n 4 2025-2026 09/04/2025 @ SFA       L 1-3      4    46     23\n 5 2025-2026 09/05/2025 Sam Housto… W 3-1      4    65     14\n 6 2025-2026 09/06/2025 Abilene Ch… W 3-1      4    50     15\n 7 2025-2026 09/11/202', 'ct <dbl>, assists <dbl>, aces <dbl>, serr <dbl>,\n#   digs <dbl>, retatt <dbl>, rerr <dbl>, block_solos <dbl>,\n#   block_assists <dbl>, berr <dbl>, pts <dbl>, bhe <dbl>,\n#   trpl_dbl <dbl>\n\nMatch Summary:\n# A tibble: 30 × 13\n   season    date       opponent    result     s kills errors\n   <chr>     <chr>      <chr>       <chr>  <dbl> <dbl>  <dbl>\n 1 2025-2026 08/29/2025 @ Arizona   L 0-3      3    28     14\n 2 2025-2026 08/30/2025 Fresno St.… L 0-3      3    40     24\n 3 2025-2026 08/31/2025 A&M-Corpus… L 0-3      3    31     21\n 4 2025-2026 09/04/2025 @ Georgia   L 0-3      3    24     23\n 5 2025-2026 09/04/2025 Duke @Athe… L 1-3      4    43     14\n 6 2025-2026 09/05/2025 Texas Tech… L 1-3      4    43     23\n 7 2025-2026 09/11/2025 @ Furman    L 0-3      3    33     26\n 8 2025-2026 09/12', 's <dbl>, kills <dbl>, errors <dbl>, total_attacks <dbl>,\n#   hit_pct <dbl>, assists <dbl>, aces <dbl>, serr <dbl>,\n#   digs <dbl>, retatt <dbl>, rerr <dbl>, block_solos <dbl>,\n#   block_assists <dbl>, berr <dbl>, pts <dbl>, bhe <dbl>,\n#   trpl_dbl <dbl>\n\nMatch Summary:\n# A tibble: 28 × 13\n   season    date       opponent    result     s kills errors\n   <chr>     <chr>      <chr>       <chr>  <dbl> <dbl>  <dbl>\n 1 2025-2026 08/29/2025 Presbyteri… W 3-0      3    46     13\n 2 2025-2026 08/29/2025 West Ga.    W 3-0      3    33     12\n 3 2025-2026 08/30/2025 Furman      W 3-1      4    72     20\n 4 2025-2026 09/05/2025 Queens (NC) L 1-3      4    48     30\n 5 2025-2026 09/05/2025 Florida A&M W 3-0      3    36     17\n 6 2025-2026 09/06/2025 Evansville  W 3-1      4    52     23\n 7 2025-2026 0']"
Which team(s) ended the season with the best winning record?,New York Giants,chr> chr> chr> chr> chr> dbl> dbl> 1 2025-2026 08/29/2025 Montana W 3-2 5 56 35 2 2025-2026 08/29/2025 Navy L 1-3 4 62 30 3 2025-2026 08/30/2025 Boise St. L 2-3 5 50 26 4 2025-2026 09/03/2025 San Jose S W 3-0 3 43 13 5 2025-2026 09/04/2025 St. John's W 3-0 3 42 12 6 2025-2026 09/05/2025 @ Hawaii L 0-3 3 31,"[""t <dbl>, assists <dbl>, aces <dbl>, serr <dbl>,\n#   digs <dbl>, retatt <dbl>, rerr <dbl>, block_solos <dbl>,\n#   block_assists <dbl>, berr <dbl>, pts <dbl>, bhe <dbl>,\n#   trpl_dbl <dbl>\n\nMatch Summary:\n# A tibble: 27 × 13\n   season    date       opponent    result     s kills errors\n   <chr>     <chr>      <chr>       <chr>  <dbl> <dbl>  <dbl>\n 1 2025-2026 08/29/2025 Montana     W 3-2      5    56     35\n 2 2025-2026 08/29/2025 Navy        L 1-3      4    62     30\n 3 2025-2026 08/30/2025 Boise St.   L 2-3      5    50     26\n 4 2025-2026 09/03/2025 San Jose S… W 3-0      3    43     13\n 5 2025-2026 09/04/2025 St. John's… W 3-0      3    42     12\n 6 2025-2026 09/05/2025 @ Hawaii    L 0-3      3    31     16\n 7 2025-2026 09/09/2025 @ Utah      L 1-3      4    45     24\n 8 2025-2026 09/12/"", 'l>, assists <dbl>, aces <dbl>, serr <dbl>,\n#   digs <dbl>, retatt <dbl>, rerr <dbl>, block_solos <dbl>,\n#   block_assists <dbl>, berr <dbl>, pts <dbl>, bhe <dbl>,\n#   trpl_dbl <dbl>\n\nMatch Summary:\n# A tibble: 26 × 13\n   season    date       opponent    result     s kills errors\n   <chr>     <chr>      <chr>       <chr>  <dbl> <dbl>  <dbl>\n 1 2025-2026 08/29/2025 Milwaukee   W 3-0      3    46     12\n 2 2025-2026 08/30/2025 Milwaukee   W 3-0      3    46     12\n 3 2025-2026 09/04/2025 LSU @Houst… L 0-3      3    37     15\n 4 2025-2026 09/05/2025 @ Houston   L 0-3      3    38     16\n 5 2025-2026 09/06/2025 San Diego … L 1-3      4    49     14\n 6 2025-2026 09/13/2025 Saint Loui… W 3-1      4    53     15\n 7 2025-2026 09/14/2025 @ Iowa St.  L 1-3      4    41     17\n 8 2025-2026 09/19/2025', ', pts <dbl>, bhe <dbl>,\n#   trpl_dbl <dbl>\n\nMatch Summary:\n# A tibble: 31 × 13\n   season    date       opponent    result     s kills errors\n   <chr>     <chr>      <chr>       <chr>  <dbl> <dbl>  <dbl>\n 1 2025-2026 08/29/2025 @ UTSA      W 3-0      3    46     13\n 2 2025-2026 08/30/2025 Texas St. … W 3-1      4    52     18\n 3 2025-2026 09/04/2025 Louisiana   W 3-1      4    61     18\n 4 2025-2026 09/05/2025 Abilene Ch… W 3-2      5    61     27\n 5 2025-2026 09/06/2025 Sam Houston L 1-3      4    67     29\n 6 2025-2026 09/11/2025 @ Loyola C… L 2-3      5    66     24\n 7 2025-2026 09/12/2025 Bowling Gr… L 1-3      4    43     27\n 8 2025-2026 09/13/2025 Indiana @C… L 0-3      3    32     29\n 9 2025-2026 09/16/2025 Tarleton S… W 3-0      3    46      8\n10 2025-2026 09/18/2025 SMU         L 0']"
What was Stanford's blocking average?,.3,"# assists dbl>, aces dbl>, serr dbl>, digs dbl>, # retatt dbl>, rerr dbl>, block_solos dbl>, # block_assists dbl>, berr dbl>, pts dbl>, bhe dbl>, # trpl_dbl dbl>","['Team: Troy\nConference: Sun Belt\nSeason: 2025\nTeamID: 604932\n\nTeam Season Stats:\n# A tibble: 1 × 21\n  season    teamid team  conference     s kills errors\n  <chr>     <chr>  <chr> <chr>      <dbl> <dbl>  <dbl>\n1 2025-2026 604932 Troy  Sun Belt     101  1309    610\n# ℹ 14 more variables: total_attacks <dbl>, hit_pct <dbl>,\n#   assists <dbl>, aces <dbl>, serr <dbl>, digs <dbl>,\n#   retatt <dbl>, rerr <dbl>, block_solos <dbl>,\n#   block_assists <dbl>, berr <dbl>, pts <dbl>, bhe <dbl>,\n#   trpl_dbl <dbl>\n\nPlayer Stats:\n# A tibble: 15 × 28\n   season   teamid team  conference number player yr    pos  \n   <chr>    <chr>  <chr> <chr>       <dbl> <chr>  <chr> <chr>\n 1 2025-20… 604932 Troy  Sun Belt        1 Amiah… Sr    OH   \n 2 2025-20… 604932 Troy  Sun Belt        2 Jaci … Sr    DS   \n 3 2025-20…', 'Team: Southern Utah\nConference: WAC\nSeason: 2025\nTeamID: 605040\n\nTeam Season Stats:\n# A tibble: 1 × 21\n  season    teamid team         conference     s kills errors\n  <chr>     <chr>  <chr>        <chr>      <dbl> <dbl>  <dbl>\n1 2025-2026 605040 Southern Ut… WAC           92   968    575\n# ℹ 14 more variables: total_attacks <dbl>, hit_pct <dbl>,\n#   assists <dbl>, aces <dbl>, serr <dbl>, digs <dbl>,\n#   retatt <dbl>, rerr <dbl>, block_solos <dbl>,\n#   block_assists <dbl>, berr <dbl>, pts <dbl>, bhe <dbl>,\n#   trpl_dbl <dbl>\n\nPlayer Stats:\n# A tibble: 15 × 28\n   season   teamid team  conference number player yr    pos  \n   <chr>    <chr>  <chr> <chr>       <dbl> <chr>  <chr> <chr>\n 1 2025-20… 605040 Sout… WAC             1 Ajia … Sr    """"   \n 2 2025-20… 605040 Sout… WAC             3 Ezgi …', 'Team: California Baptist\nConference: WAC\nSeason: 2025\nTeamID: 604740\n\nTeam Season Stats:\n# A tibble: 1 × 21\n  season    teamid team         conference     s kills errors\n  <chr>     <chr>  <chr>        <chr>      <dbl> <dbl>  <dbl>\n1 2025-2026 604740 California … WAC           97  1066    569\n# ℹ 14 more variables: total_attacks <dbl>, hit_pct <dbl>,\n#   assists <dbl>, aces <dbl>, serr <dbl>, digs <dbl>,\n#   retatt <dbl>, rerr <dbl>, block_solos <dbl>,\n#   block_assists <dbl>, berr <dbl>, pts <dbl>, bhe <dbl>,\n#   trpl_dbl <dbl>\n\nPlayer Stats:\n# A tibble: 16 × 28\n   season   teamid team  conference number player yr    pos  \n   <chr>    <chr>  <chr> <chr>       <dbl> <chr>  <chr> <chr>\n 1 2025-20… 604740 Cali… WAC             1 Maddi… So    S    \n 2 2025-20… 604740 Cali… WAC             3 L']"
How many service aces did Texas A&M have?,76,yr pos chr> chr> chr> chr> dbl> chr> chr> chr> chr> chr> chr> chr> chr> chr> chr> chr> chr> chr> chr> chr> chr> chr> chr> chr> chr> chr> chr> chr> ch,"[""yr    pos  \n   <chr>    <chr>  <chr> <chr>       <dbl> <chr>  <chr> <chr>\n 1 2025-20… 604871 McNe… Southland       1 Gracj… Sr    MB   \n 2 2025-20… 604871 McNe… Southland       2 Kinga… Fr    S    \n 3 2025-20… 604871 McNe… Southland       3 Coryn… So    S    \n 4 2025-20… 604871 McNe… Southland       4 Carli… Jr    OH   \n 5 2025-20… 604871 McNe… Southland       5 Malea… Fr    MB   \n 6 2025-20… 604871 McNe… Southland       6 Sophi… Jr    L    \n 7 2025-20… 604871 McNe… Southland       7 Baile… Fr    L    \n 8 2025-20… 604871 McNe… Southland       8 Summe… Fr    L    \n 9 2025-20… 604871 McNe… Southland       9 Olivi… Fr    S    \n10 2025-20… 604871 McNe… Southland      10 D'Nar… Sr    OH   \n11 2025-20… 604871 McNe… Southland      11 Mary-… Fr    OH   \n12 2025-20… 604871 McNe… Southland      12 N"", 'conference number player yr    pos  \n   <chr>    <chr>  <chr> <chr>       <dbl> <chr>  <chr> <chr>\n 1 2025-20… 605076 A&M-… Southland       1 Kenri… Fr    L/DS \n 2 2025-20… 605076 A&M-… Southland       2 Kenna… Jr    OH   \n 3 2025-20… 605076 A&M-… Southland       4 Aless… Sr    L/DS \n 4 2025-20… 605076 A&M-… Southland       5 Tatum… Fr    OH   \n 5 2025-20… 605076 A&M-… Southland       6 Kaitl… Jr    MB   \n 6 2025-20… 605076 A&M-… Southland       7 Erin … Fr    MB   \n 7 2025-20… 605076 A&M-… Southland       9 Simon… Fr    S    \n 8 2025-20… 605076 A&M-… Southland      10 Jaeda… Fr    MB   \n 9 2025-20… 605076 A&M-… Southland      11 Hadle… So    OH   \n10 2025-20… 605076 A&M-… Southland      13 Brook… Jr    OH   \n11 2025-20… 605076 A&M-… Southland      16 Ella … So    OH   \n12 2025-20… 605076', 's  \n   <chr>    <chr>  <chr> <chr>       <dbl> <chr>  <chr> <chr>\n 1 2025-20… 604996 UTRGV Southland       1 Marti… So    OH   \n 2 2025-20… 604996 UTRGV Southland       2 Aaliy… Jr    MB   \n 3 2025-20… 604996 UTRGV Southland       3 Nadin… Jr    OH   \n 4 2025-20… 604996 UTRGV Southland       5 Celia… Jr    L    \n 5 2025-20… 604996 UTRGV Southland       6 Ana J… Fr    OH   \n 6 2025-20… 604996 UTRGV Southland       8 MARIA… Fr    OH   \n 7 2025-20… 604996 UTRGV Southland       9 Valen… Sr    RS   \n 8 2025-20… 604996 UTRGV Southland      10 Giova… Jr    OH   \n 9 2025-20… 604996 UTRGV Southland      11 Sujei… Jr    S    \n10 2025-20… 604996 UTRGV Southland      12 Isa B… Jr    L    \n11 2025-20… 604996 UTRGV Southland      14 Natal… Sr    S    \n12 2025-20… 604996 UTRGV Southland      15 Dimit… Fr']"
How did Wisconsin perform in five-set matches?,a sloppy team,Summary: Baylor @Ba L 1-3 4 47 25 2 2025-2026 08/29/2025 Baylor @Ba L 1-3 4 47 25 2 2025-2026 08/30/2025 @ LSU L 0-3 3 26 18 3 2025-2026 09/05/2025 Central Mi W 3-1 4 51 19 4 2025-2026 09/07/2025 Central Mi W 3-1 4 54 26 9 2025-2026 09/06/2025 Southeaste W 3-0 3 40 11 7 2025-2026 09/07/2025 Tulane W 3-1 4 54 26 9 2025-2026 09/06/2025 Central Mi W 3-1 4 51 19,"['lock_assists <dbl>, berr <dbl>, pts <dbl>, bhe <dbl>,\n#   trpl_dbl <dbl>\n\nMatch Summary:\n# A tibble: 29 × 13\n   season    date       opponent    result     s kills errors\n   <chr>     <chr>      <chr>       <chr>  <dbl> <dbl>  <dbl>\n 1 2025-2026 08/29/2025 Baylor @Ba… L 1-3      4    47     25\n 2 2025-2026 08/30/2025 @ LSU       L 0-3      3    26     18\n 3 2025-2026 09/05/2025 Central Mi… W 3-1      4    51     19\n 4 2025-2026 09/06/2025 Iowa St. @… L 0-3      3    28     19\n 5 2025-2026 09/07/2025 @ Milwaukee W 3-1      4    48     23\n 6 2025-2026 09/11/2025 Southeaste… W 3-0      3    40     11\n 7 2025-2026 09/13/2025 Tulane      W 3-1      4    69     27\n 8 2025-2026 09/16/2025 @ Mississi… L 1-3      4    54     26\n 9 2025-2026 09/18/2025 @ Samford   W 3-2      5    56     24\n10 2025-2', 'ts <dbl>, aces <dbl>, serr <dbl>,\n#   digs <dbl>, retatt <dbl>, rerr <dbl>, block_solos <dbl>,\n#   block_assists <dbl>, berr <dbl>, pts <dbl>, bhe <dbl>,\n#   trpl_dbl <dbl>\n\nMatch Summary:\n# A tibble: 31 × 13\n   season    date       opponent    result     s kills errors\n   <chr>     <chr>      <chr>       <chr>  <dbl> <dbl>  <dbl>\n 1 2025-2026 08/29/2025 @ Georgia … L 0-3      3    33     17\n 2 2025-2026 08/30/2025 Arkansas S… L 0-3      3    21     16\n 3 2025-2026 08/31/2025 Ole Miss @… L 0-3      3    14     24\n 4 2025-2026 09/04/2025 @ Tennessee L 1-3      4    28     25\n 5 2025-2026 09/05/2025 Winthrop @… W 3-0      3    47     12\n 6 2025-2026 09/12/2025 Elon        W 3-0      3    43      9\n 7 2025-2026 09/13/2025 @ Clemson   L 2-3      5    41     25\n 8 2025-2026 09/15/2025 @ South C', ', rerr <dbl>, block_solos <dbl>,\n#   block_assists <dbl>, berr <dbl>, pts <dbl>, bhe <dbl>,\n#   trpl_dbl <dbl>\n\nMatch Summary:\n# A tibble: 28 × 13\n   season    date       opponent    result     s kills errors\n   <chr>     <chr>      <chr>       <chr>  <dbl> <dbl>  <dbl>\n 1 2025-2026 08/29/2025 Georgia     L 0-3      3    40     16\n 2 2025-2026 08/31/2025 Troy        W 3-2      5    55     16\n 3 2025-2026 09/04/2025 Winthrop @… W 3-2      5    61     26\n 4 2025-2026 09/05/2025 @ Tennessee L 0-3      3    16     17\n 5 2025-2026 09/09/2025 @ North Al… L 0-3      3    43     17\n 6 2025-2026 09/12/2025 Wichita St… L 0-3      3    30     14\n 7 2025-2026 09/12/2025 Radford @C… W 3-0      3    46      8\n 8 2025-2026 09/13/2025 @ Tennesse… W 3-2      5    56     15\n 9 2025-2026 09/18/2025 South Ala']"
Which Summit League tea had the highest hitting efficiency?,safflower,St. Thomas  Summit Le 115 1613 571,"['Team: St. Thomas (MN)\nConference: Summit League\nSeason: 2025\nTeamID: 604907\n\nTeam Season Stats:\n# A tibble: 1 × 21\n  season    teamid team         conference     s kills errors\n  <chr>     <chr>  <chr>        <chr>      <dbl> <dbl>  <dbl>\n1 2025-2026 604907 St. Thomas … Summit Le…   115  1613    571\n# ℹ 14 more variables: total_attacks <dbl>, hit_pct <dbl>,\n#   assists <dbl>, aces <dbl>, serr <dbl>, digs <dbl>,\n#   retatt <dbl>, rerr <dbl>, block_solos <dbl>,\n#   block_assists <dbl>, berr <dbl>, pts <dbl>, bhe <dbl>,\n#   trpl_dbl <dbl>\n\nPlayer Stats:\n# A tibble: 16 × 28\n   season   teamid team  conference number player yr    pos  \n   <chr>    <chr>  <chr> <chr>       <dbl> <chr>  <chr> <chr>\n 1 2025-20… 604907 St. … Summit Le…      2 Allie… Sr    S    \n 2 2025-20… 604907 St. … Summit Le…', '2025-20… 604907 St. … Summit Le…     10 Maddy… So    OH   \n10 2025-20… 604907 St. … Summit Le…     11 Anya … Fr    OH   \n11 2025-20… 604907 St. … Summit Le…     13 Keya … Sr    S    \n12 2025-20… 604907 St. … Summit Le…     15 Tezra… Sr    OH   \n13 2025-20… 604907 St. … Summit Le…     16 Emma … Sr    MB   \n14 2025-20… 604907 St. … Summit Le…     22 Addie… So    MB   \n15 2025-20… 604907 St. … Summit Le…     24 Kaitl… Sr    OH   \n16 2025-20… 604907 St. … Summit Le…     25 Camry… Fr    OH   \n# ℹ 20 more variables: ht <chr>, gp <dbl>, gs <dbl>,\n#   s <dbl>, kills <dbl>, errors <dbl>, total_attacks <dbl>,\n#   hit_pct <dbl>, assists <dbl>, aces <dbl>, serr <dbl>,\n#   digs <dbl>, retatt <dbl>, rerr <dbl>, block_solos <dbl>,\n#   block_assists <dbl>, berr <dbl>, pts <dbl>, bhe <dbl>,\n#   trpl_dbl <d', 'Team: Oral Roberts\nConference: Summit League\nSeason: 2025\nTeamID: 604992\n\nTeam Season Stats:\n# A tibble: 1 × 21\n  season    teamid team         conference     s kills errors\n  <chr>     <chr>  <chr>        <chr>      <dbl> <dbl>  <dbl>\n1 2025-2026 604992 Oral Roberts Summit Le…    95  1040    645\n# ℹ 14 more variables: total_attacks <dbl>, hit_pct <dbl>,\n#   assists <dbl>, aces <dbl>, serr <dbl>, digs <dbl>,\n#   retatt <dbl>, rerr <dbl>, block_solos <dbl>,\n#   block_assists <dbl>, berr <dbl>, pts <dbl>, bhe <dbl>,\n#   trpl_dbl <dbl>\n\nPlayer Stats:\n# A tibble: 15 × 28\n   season   teamid team  conference number player yr    pos  \n   <chr>    <chr>  <chr> <chr>       <dbl> <chr>  <chr> <chr>\n 1 2025-20… 604992 Oral… Summit Le…      1 Macke… Fr    L/DS \n 2 2025-20… 604992 Oral… Summit Le…']"
Rank the ACC teams by total blocks.,alabama,Summary: 1 2025-2026 08/29/2025 @ South Ca L 0-3 3 29 14 2 2025-2026 08/30/2025 Campbell @ L 0-3 3 24 20 3 2025-2026 08/30/2025 Clemson @C L 0-3 3 24 20 3 2025-2026 09/06/2025 Western Ky. L 0-3 3 33 15 9 4 2025-2026 09/13/2025 High Point W 3-2 ts dbl> chr> chr> chr> chr> dbl> dbl> 1 2025-2026,"['bl>, block_solos <dbl>,\n#   block_assists <dbl>, berr <dbl>, pts <dbl>, bhe <dbl>,\n#   trpl_dbl <dbl>\n\nMatch Summary:\n# A tibble: 30 × 13\n   season    date       opponent    result     s kills errors\n   <chr>     <chr>      <chr>       <chr>  <dbl> <dbl>  <dbl>\n 1 2025-2026 08/29/2025 @ South Ca… L 0-3      3    29     14\n 2 2025-2026 08/30/2025 Campbell @… L 0-3      3    24     20\n 3 2025-2026 08/30/2025 Clemson @C… L 0-3      3    29      9\n 4 2025-2026 09/05/2025 American @… W 3-0      3    46      6\n 5 2025-2026 09/05/2025 @ Akron     L 1-3      4    40     21\n 6 2025-2026 09/06/2025 @ Clevelan… W 3-0      3    39     13\n 7 2025-2026 09/12/2025 VCU         W 3-1      4    51     25\n 8 2025-2026 09/12/2025 Western Ky. L 0-3      3    33     15\n 9 2025-2026 09/13/2025 High Point  W 3-2', 'ts <dbl>, aces <dbl>, serr <dbl>,\n#   digs <dbl>, retatt <dbl>, rerr <dbl>, block_solos <dbl>,\n#   block_assists <dbl>, berr <dbl>, pts <dbl>, bhe <dbl>,\n#   trpl_dbl <dbl>\n\nMatch Summary:\n# A tibble: 31 × 13\n   season    date       opponent    result     s kills errors\n   <chr>     <chr>      <chr>       <chr>  <dbl> <dbl>  <dbl>\n 1 2025-2026 08/29/2025 @ Georgia … L 0-3      3    33     17\n 2 2025-2026 08/30/2025 Arkansas S… L 0-3      3    21     16\n 3 2025-2026 08/31/2025 Ole Miss @… L 0-3      3    14     24\n 4 2025-2026 09/04/2025 @ Tennessee L 1-3      4    28     25\n 5 2025-2026 09/05/2025 Winthrop @… W 3-0      3    47     12\n 6 2025-2026 09/12/2025 Elon        W 3-0      3    43      9\n 7 2025-2026 09/13/2025 @ Clemson   L 2-3      5    41     25\n 8 2025-2026 09/15/2025 @ South C', 'Team: Alabama A&M\nConference: SWAC\nSeason: 2025\nTeamID: 604743\n\nTeam Season Stats:\n# A tibble: 1 × 21\n  season    teamid team        conference     s kills errors\n  <chr>     <chr>  <chr>       <chr>      <dbl> <dbl>  <dbl>\n1 2025-2026 604743 Alabama A&M SWAC         119  1472    632\n# ℹ 14 more variables: total_attacks <dbl>, hit_pct <dbl>,\n#   assists <dbl>, aces <dbl>, serr <dbl>, digs <dbl>,\n#   retatt <dbl>, rerr <dbl>, block_solos <dbl>,\n#   block_assists <dbl>, berr <dbl>, pts <dbl>, bhe <dbl>,\n#   trpl_dbl <dbl>\n\nPlayer Stats:\n# A tibble: 21 × 28\n   season   teamid team  conference number player yr    pos  \n   <chr>    <chr>  <chr> <chr>       <dbl> <chr>  <chr> <chr>\n 1 2025-20… 604743 Alab… SWAC            0 Nisaa… So    MB   \n 2 2025-20… 604743 Alab… SWAC            1 Rayis… So']"
List the liberos on Louisville's roster,"Jeremy Hill, Mike Williams, and Mike Leach",Summary: 30  13 season date opponent result s kills errors chr> chr> chr> chr> dbl> dbl> dbl> dbl> dbl> dbl> dbl> dbl> dbl> dbl> dbl> dbl> dbl> dbl> dbl> dbl> dbl> dbl> dbl>,"['lock_assists <dbl>, berr <dbl>, pts <dbl>, bhe <dbl>,\n#   trpl_dbl <dbl>\n\nMatch Summary:\n# A tibble: 29 × 13\n   season    date       opponent    result     s kills errors\n   <chr>     <chr>      <chr>       <chr>  <dbl> <dbl>  <dbl>\n 1 2025-2026 08/29/2025 Baylor @Ba… L 1-3      4    47     25\n 2 2025-2026 08/30/2025 @ LSU       L 0-3      3    26     18\n 3 2025-2026 09/05/2025 Central Mi… W 3-1      4    51     19\n 4 2025-2026 09/06/2025 Iowa St. @… L 0-3      3    28     19\n 5 2025-2026 09/07/2025 @ Milwaukee W 3-1      4    48     23\n 6 2025-2026 09/11/2025 Southeaste… W 3-0      3    40     11\n 7 2025-2026 09/13/2025 Tulane      W 3-1      4    69     27\n 8 2025-2026 09/16/2025 @ Mississi… L 1-3      4    54     26\n 9 2025-2026 09/18/2025 @ Samford   W 3-2      5    56     24\n10 2025-2', 'bl>, block_solos <dbl>,\n#   block_assists <dbl>, berr <dbl>, pts <dbl>, bhe <dbl>,\n#   trpl_dbl <dbl>\n\nMatch Summary:\n# A tibble: 30 × 13\n   season    date       opponent    result     s kills errors\n   <chr>     <chr>      <chr>       <chr>  <dbl> <dbl>  <dbl>\n 1 2025-2026 08/29/2025 @ South Ca… L 0-3      3    29     14\n 2 2025-2026 08/30/2025 Campbell @… L 0-3      3    24     20\n 3 2025-2026 08/30/2025 Clemson @C… L 0-3      3    29      9\n 4 2025-2026 09/05/2025 American @… W 3-0      3    46      6\n 5 2025-2026 09/05/2025 @ Akron     L 1-3      4    40     21\n 6 2025-2026 09/06/2025 @ Clevelan… W 3-0      3    39     13\n 7 2025-2026 09/12/2025 VCU         W 3-1      4    51     25\n 8 2025-2026 09/12/2025 Western Ky. L 0-3      3    33     15\n 9 2025-2026 09/13/2025 High Point  W 3-2', 'er player yr    pos  \n   <chr>    <chr>  <chr> <chr>       <dbl> <chr>  <chr> <chr>\n 1 2025-20… 604738 Utah… WAC             1 Maran… Jr    MB   \n 2 2025-20… 604738 Utah… WAC             2 Alyvi… So    MB   \n 3 2025-20… 604738 Utah… WAC             3 Madi … Jr    OH   \n 4 2025-20… 604738 Utah… WAC             4 Alyss… Sr    OH   \n 5 2025-20… 604738 Utah… WAC             5 Avery… Sr    OH   \n 6 2025-20… 604738 Utah… WAC             6 Brook… Fr    S    \n 7 2025-20… 604738 Utah… WAC             7 Rylee… Jr    L/DS \n 8 2025-20… 604738 Utah… WAC             8 Lani … Jr    L/DS \n 9 2025-20… 604738 Utah… WAC             9 Natal… Sr    S    \n10 2025-20… 604738 Utah… WAC            10 Laure… Fr    MB   \n11 2025-20… 604738 Utah… WAC            11 Evaly… Jr    S    \n12 2025-20… 604738 Utah… WAC']"
Who was the starting middle blocker for Marquette?,Mike Wallace, 13 season date opponent result s kills errors chr> chr> chr> chr>,"['Team: James Madison\nConference: Sun Belt\nSeason: 2025\nTeamID: 604851\n\nTeam Season Stats:\n# A tibble: 1 × 21\n  season    teamid team         conference     s kills errors\n  <chr>     <chr>  <chr>        <chr>      <dbl> <dbl>  <dbl>\n1 2025-2026 604851 James Madis… Sun Belt     126  1695    614\n# ℹ 14 more variables: total_attacks <dbl>, hit_pct <dbl>,\n#   assists <dbl>, aces <dbl>, serr <dbl>, digs <dbl>,\n#   retatt <dbl>, rerr <dbl>, block_solos <dbl>,\n#   block_assists <dbl>, berr <dbl>, pts <dbl>, bhe <dbl>,\n#   trpl_dbl <dbl>\n\nPlayer Stats:\n# A tibble: 15 × 28\n   season   teamid team  conference number player yr    pos  \n   <chr>    <chr>  <chr> <chr>       <dbl> <chr>  <chr> <chr>\n 1 2025-20… 604851 Jame… Sun Belt        1 Kenne… Jr    OH   \n 2 2025-20… 604851 Jame… Sun Belt        2 G', ', rerr <dbl>, block_solos <dbl>,\n#   block_assists <dbl>, berr <dbl>, pts <dbl>, bhe <dbl>,\n#   trpl_dbl <dbl>\n\nMatch Summary:\n# A tibble: 28 × 13\n   season    date       opponent    result     s kills errors\n   <chr>     <chr>      <chr>       <chr>  <dbl> <dbl>  <dbl>\n 1 2025-2026 08/29/2025 Georgia     L 0-3      3    40     16\n 2 2025-2026 08/31/2025 Troy        W 3-2      5    55     16\n 3 2025-2026 09/04/2025 Winthrop @… W 3-2      5    61     26\n 4 2025-2026 09/05/2025 @ Tennessee L 0-3      3    16     17\n 5 2025-2026 09/09/2025 @ North Al… L 0-3      3    43     17\n 6 2025-2026 09/12/2025 Wichita St… L 0-3      3    30     14\n 7 2025-2026 09/12/2025 Radford @C… W 3-0      3    46      8\n 8 2025-2026 09/13/2025 @ Tennesse… W 3-2      5    56     15\n 9 2025-2026 09/18/2025 South Ala', 'lock_assists <dbl>, berr <dbl>, pts <dbl>, bhe <dbl>,\n#   trpl_dbl <dbl>\n\nMatch Summary:\n# A tibble: 29 × 13\n   season    date       opponent    result     s kills errors\n   <chr>     <chr>      <chr>       <chr>  <dbl> <dbl>  <dbl>\n 1 2025-2026 08/29/2025 Baylor @Ba… L 1-3      4    47     25\n 2 2025-2026 08/30/2025 @ LSU       L 0-3      3    26     18\n 3 2025-2026 09/05/2025 Central Mi… W 3-1      4    51     19\n 4 2025-2026 09/06/2025 Iowa St. @… L 0-3      3    28     19\n 5 2025-2026 09/07/2025 @ Milwaukee W 3-1      4    48     23\n 6 2025-2026 09/11/2025 Southeaste… W 3-0      3    40     11\n 7 2025-2026 09/13/2025 Tulane      W 3-1      4    69     27\n 8 2025-2026 09/16/2025 @ Mississi… L 1-3      4    54     26\n 9 2025-2026 09/18/2025 @ Samford   W 3-2      5    56     24\n10 2025-2']"
Who were the top three servers in the ACC based on aces?,Jeremy Maclin, 13 season date opponent result s kills errors chr> chr> chr> chr> dbl> dbl> dbl> dbl> dbl> dbl> dbl> dbl> dbl> dbl> dbl> dbl> dbl> dbl> dbl> dbl> dbl> dbl> dbl> d,"['l>, assists <dbl>, aces <dbl>, serr <dbl>,\n#   digs <dbl>, retatt <dbl>, rerr <dbl>, block_solos <dbl>,\n#   block_assists <dbl>, berr <dbl>, pts <dbl>, bhe <dbl>,\n#   trpl_dbl <dbl>\n\nMatch Summary:\n# A tibble: 26 × 13\n   season    date       opponent    result     s kills errors\n   <chr>     <chr>      <chr>       <chr>  <dbl> <dbl>  <dbl>\n 1 2025-2026 08/29/2025 Milwaukee   W 3-0      3    46     12\n 2 2025-2026 08/30/2025 Milwaukee   W 3-0      3    46     12\n 3 2025-2026 09/04/2025 LSU @Houst… L 0-3      3    37     15\n 4 2025-2026 09/05/2025 @ Houston   L 0-3      3    38     16\n 5 2025-2026 09/06/2025 San Diego … L 1-3      4    49     14\n 6 2025-2026 09/13/2025 Saint Loui… W 3-1      4    53     15\n 7 2025-2026 09/14/2025 @ Iowa St.  L 1-3      4    41     17\n 8 2025-2026 09/19/2025', 'Team: Omaha\nConference: Summit League\nSeason: 2025\nTeamID: 604894\n\nTeam Season Stats:\n# A tibble: 1 × 21\n  season    teamid team  conference        s kills errors\n  <chr>     <chr>  <chr> <chr>         <dbl> <dbl>  <dbl>\n1 2025-2026 604894 Omaha Summit League    96  1196    469\n# ℹ 14 more variables: total_attacks <dbl>, hit_pct <dbl>,\n#   assists <dbl>, aces <dbl>, serr <dbl>, digs <dbl>,\n#   retatt <dbl>, rerr <dbl>, block_solos <dbl>,\n#   block_assists <dbl>, berr <dbl>, pts <dbl>, bhe <dbl>,\n#   trpl_dbl <dbl>\n\nPlayer Stats:\n# A tibble: 16 × 28\n   season   teamid team  conference number player yr    pos  \n   <chr>    <chr>  <chr> <chr>       <dbl> <chr>  <chr> <chr>\n 1 2025-20… 604894 Omaha Summit Le…      1 Sarah… So    L/DS \n 2 2025-20… 604894 Omaha Summit Le…      2 Julia… So    S', 'Team: Arkansas St.\nConference: Sun Belt\nSeason: 2025\nTeamID: 604752\n\nTeam Season Stats:\n# A tibble: 1 × 21\n  season    teamid team         conference     s kills errors\n  <chr>     <chr>  <chr>        <chr>      <dbl> <dbl>  <dbl>\n1 2025-2026 604752 Arkansas St. Sun Belt     119  1545    546\n# ℹ 14 more variables: total_attacks <dbl>, hit_pct <dbl>,\n#   assists <dbl>, aces <dbl>, serr <dbl>, digs <dbl>,\n#   retatt <dbl>, rerr <dbl>, block_solos <dbl>,\n#   block_assists <dbl>, berr <dbl>, pts <dbl>, bhe <dbl>,\n#   trpl_dbl <dbl>\n\nPlayer Stats:\n# A tibble: 16 × 28\n   season   teamid team  conference number player yr    pos  \n   <chr>    <chr>  <chr> <chr>       <dbl> <chr>  <chr> <chr>\n 1 2025-20… 604752 Arka… Sun Belt        1 Abby … Sr    RS   \n 2 2025-20… 604752 Arka… Sun Belt        3 Li']"
Compare the hitting percentages of the top hitters from Baylor and BYU.,Baylor has a .285 batting average and BYU has a .315 batting average.,Utah Tech WAC 98 1296 512,"['Team: Utah Tech\nConference: WAC\nSeason: 2025\nTeamID: 605043\n\nTeam Season Stats:\n# A tibble: 1 × 21\n  season    teamid team      conference     s kills errors\n  <chr>     <chr>  <chr>     <chr>      <dbl> <dbl>  <dbl>\n1 2025-2026 605043 Utah Tech WAC           98  1296    512\n# ℹ 14 more variables: total_attacks <dbl>, hit_pct <dbl>,\n#   assists <dbl>, aces <dbl>, serr <dbl>, digs <dbl>,\n#   retatt <dbl>, rerr <dbl>, block_solos <dbl>,\n#   block_assists <dbl>, berr <dbl>, pts <dbl>, bhe <dbl>,\n#   trpl_dbl <dbl>\n\nPlayer Stats:\n# A tibble: 15 × 28\n   season   teamid team  conference number player yr    pos  \n   <chr>    <chr>  <chr> <chr>       <dbl> <chr>  <chr> <chr>\n 1 2025-20… 605043 Utah… WAC             1 Kalei… So    L/DS \n 2 2025-20… 605043 Utah… WAC             2 Taylo… Sr    MB', 'er player yr    pos  \n   <chr>    <chr>  <chr> <chr>       <dbl> <chr>  <chr> <chr>\n 1 2025-20… 604738 Utah… WAC             1 Maran… Jr    MB   \n 2 2025-20… 604738 Utah… WAC             2 Alyvi… So    MB   \n 3 2025-20… 604738 Utah… WAC             3 Madi … Jr    OH   \n 4 2025-20… 604738 Utah… WAC             4 Alyss… Sr    OH   \n 5 2025-20… 604738 Utah… WAC             5 Avery… Sr    OH   \n 6 2025-20… 604738 Utah… WAC             6 Brook… Fr    S    \n 7 2025-20… 604738 Utah… WAC             7 Rylee… Jr    L/DS \n 8 2025-20… 604738 Utah… WAC             8 Lani … Jr    L/DS \n 9 2025-20… 604738 Utah… WAC             9 Natal… Sr    S    \n10 2025-20… 604738 Utah… WAC            10 Laure… Fr    MB   \n11 2025-20… 604738 Utah… WAC            11 Evaly… Jr    S    \n12 2025-20… 604738 Utah… WAC', 'Team: Southern Utah\nConference: WAC\nSeason: 2025\nTeamID: 605040\n\nTeam Season Stats:\n# A tibble: 1 × 21\n  season    teamid team         conference     s kills errors\n  <chr>     <chr>  <chr>        <chr>      <dbl> <dbl>  <dbl>\n1 2025-2026 605040 Southern Ut… WAC           92   968    575\n# ℹ 14 more variables: total_attacks <dbl>, hit_pct <dbl>,\n#   assists <dbl>, aces <dbl>, serr <dbl>, digs <dbl>,\n#   retatt <dbl>, rerr <dbl>, block_solos <dbl>,\n#   block_assists <dbl>, berr <dbl>, pts <dbl>, bhe <dbl>,\n#   trpl_dbl <dbl>\n\nPlayer Stats:\n# A tibble: 15 × 28\n   season   teamid team  conference number player yr    pos  \n   <chr>    <chr>  <chr> <chr>       <dbl> <chr>  <chr> <chr>\n 1 2025-20… 605040 Sout… WAC             1 Ajia … Sr    """"   \n 2 2025-20… 605040 Sout… WAC             3 Ezgi …']"
How did the top Big 12 setter compare to the top Big Ten setter?,the top Big Ten setter,M- Southland,"['nference number player yr    pos  \n   <chr>    <chr>  <chr> <chr>       <dbl> <chr>  <chr> <chr>\n 1 2025-20… 604792 Coas… Sun Belt        1 Baile… Sr    DS   \n 2 2025-20… 604792 Coas… Sun Belt        4 Anna … Jr    L    \n 3 2025-20… 604792 Coas… Sun Belt        5 Kibi … Sr    OPP  \n 4 2025-20… 604792 Coas… Sun Belt        7 Jalyn… Jr    S    \n 5 2025-20… 604792 Coas… Sun Belt        8 Ava W… So    S    \n 6 2025-20… 604792 Coas… Sun Belt        9 Elin … Fr    OH   \n 7 2025-20… 604792 Coas… Sun Belt       10 Anna … Jr    MB   \n 8 2025-20… 604792 Coas… Sun Belt       11 Emma … Jr    OH   \n 9 2025-20… 604792 Coas… Sun Belt       12 Leah … Sr    MB   \n10 2025-20… 604792 Coas… Sun Belt       13 Julia… Fr    OH   \n11 2025-20… 604792 Coas… Sun Belt       16 Emily… Jr    OH   \n12 2025-20… 604792 Co', 'conference number player yr    pos  \n   <chr>    <chr>  <chr> <chr>       <dbl> <chr>  <chr> <chr>\n 1 2025-20… 605076 A&M-… Southland       1 Kenri… Fr    L/DS \n 2 2025-20… 605076 A&M-… Southland       2 Kenna… Jr    OH   \n 3 2025-20… 605076 A&M-… Southland       4 Aless… Sr    L/DS \n 4 2025-20… 605076 A&M-… Southland       5 Tatum… Fr    OH   \n 5 2025-20… 605076 A&M-… Southland       6 Kaitl… Jr    MB   \n 6 2025-20… 605076 A&M-… Southland       7 Erin … Fr    MB   \n 7 2025-20… 605076 A&M-… Southland       9 Simon… Fr    S    \n 8 2025-20… 605076 A&M-… Southland      10 Jaeda… Fr    MB   \n 9 2025-20… 605076 A&M-… Southland      11 Hadle… So    OH   \n10 2025-20… 605076 A&M-… Southland      13 Brook… Jr    OH   \n11 2025-20… 605076 A&M-… Southland      16 Ella … So    OH   \n12 2025-20… 605076', 'm  conference number player yr    pos  \n   <chr>    <chr>  <chr> <chr>       <dbl> <chr>  <chr> <chr>\n 1 2025-20… 605030 Sout… Summit Le…      1 Megha… So    DS   \n 2 2025-20… 605030 Sout… Summit Le…      2 Rache… Sr    DS   \n 3 2025-20… 605030 Sout… Summit Le…      3 Katel… So    OH   \n 4 2025-20… 605030 Sout… Summit Le…      4 Hanna… Fr    OH   \n 5 2025-20… 605030 Sout… Summit Le…      5 Rylee… Jr    S    \n 6 2025-20… 605030 Sout… Summit Le…      6 Maggi… Fr    DS   \n 7 2025-20… 605030 Sout… Summit Le…      7 Finle… Jr    OH   \n 8 2025-20… 605030 Sout… Summit Le…      8 Madis… So    MB   \n 9 2025-20… 605030 Sout… Summit Le…      9 Taylo… Fr    MB   \n10 2025-20… 605030 Sout… Summit Le…     10 Sylvi… Jr    OH   \n11 2025-20… 605030 Sout… Summit Le…     11 Sydni… Sr    MB   \n12 2025-20… 6050']"
"If Stanford played Nebraska, which team would statistically have the advantage?",the nebraska,Summary: 30  13 season date opponent result s kills errors chr> chr> chr> chr> dbl> dbl> dbl> dbl> dbl> dbl> dbl> dbl> dbl> dbl> dbl> dbl> dbl> dbl> dbl> dbl> dbl> dbl> dbl>,"['tatt <dbl>, rerr <dbl>, block_solos <dbl>,\n#   block_assists <dbl>, berr <dbl>, pts <dbl>, bhe <dbl>,\n#   trpl_dbl <dbl>\n\nMatch Summary:\n# A tibble: 28 × 13\n   season    date       opponent    result     s kills errors\n   <chr>     <chr>      <chr>       <chr>  <dbl> <dbl>  <dbl>\n 1 2025-2026 08/30/2025 Stanford @… L 0-3      3    36     22\n 2 2025-2026 08/31/2025 @ Long Bea… L 0-3      3    33     15\n 3 2025-2026 09/04/2025 Arizona @B… L 1-3      4    54     27\n 4 2025-2026 09/05/2025 UC San Die… W 3-0      3    40     10\n 5 2025-2026 09/06/2025 @ Boise St. W 3-0      3    55     20\n 6 2025-2026 09/11/2025 Montana St. W 3-0      3    51      9\n 7 2025-2026 09/12/2025 UC Irvine   W 3-0      3    43     12\n 8 2025-2026 09/13/2025 UNLV        W 3-1      4    56     30\n 9 2025-2026 09/18/2025', ', pts <dbl>, bhe <dbl>,\n#   trpl_dbl <dbl>\n\nMatch Summary:\n# A tibble: 30 × 13\n   season    date       opponent    result     s kills errors\n   <chr>     <chr>      <chr>       <chr>  <dbl> <dbl>  <dbl>\n 1 2025-2026 08/29/2025 Oklahoma @… L 0-3      3    34     12\n 2 2025-2026 08/30/2025 @ Abilene … W 3-2      5    50     30\n 3 2025-2026 08/30/2025 Missouri S… W 3-1      4    60     22\n 4 2025-2026 09/05/2025 Wichita St… L 1-3      4    43     23\n 5 2025-2026 09/05/2025 Northern C… W 3-2      5    51     28\n 6 2025-2026 09/06/2025 @ BYU       L 0-3      3    33     16\n 7 2025-2026 09/12/2025 Arizona St… L 0-3      3    29     18\n 8 2025-2026 09/13/2025 Tulsa @San… L 2-3      5    49     20\n 9 2025-2026 09/13/2025 @ Texas St. L 0-3      3    38     16\n10 2025-2026 09/19/2025 Ole Miss @… L 0', '<dbl>, rerr <dbl>, block_solos <dbl>,\n#   block_assists <dbl>, berr <dbl>, pts <dbl>, bhe <dbl>,\n#   trpl_dbl <dbl>\n\nMatch Summary:\n# A tibble: 28 × 13\n   season    date       opponent    result     s kills errors\n   <chr>     <chr>      <chr>       <chr>  <dbl> <dbl>  <dbl>\n 1 2025-2026 08/29/2025 CSU Bakers… W 3-0      3    43     12\n 2 2025-2026 08/30/2025 Iowa @Las … L 2-3      5    50     25\n 3 2025-2026 08/31/2025 @ UNLV      W 3-0      3    43     11\n 4 2025-2026 09/04/2025 Weber St.   W 3-0      3    45     13\n 5 2025-2026 09/05/2025 Charleston… W 3-0      3    51     14\n 6 2025-2026 09/06/2025 Sacramento… W 3-2      5    59     28\n 7 2025-2026 09/11/2025 @ Boise St. L 0-3      3    31     26\n 8 2025-2026 09/12/2025 Idaho St. … W 3-0      3    46     19\n 9 2025-2026 09/13/2025 San']"
"Based on 2025 stats, who would likely win between Pitt and Louisville?",Louisville,Summary: 29  13 season date opponent result s kills errors chr> chr> chr> chr> dbl> dbl> dbl> 1 2025-2026 08/29/2025 Morgan St. L 0-3 3 21 17 2 2025-2026 08/29/2025 Delaware S L 0-3 3 20 20 3 2025-2026 08/30/2025 South Caro L 1-3 4 42 30 4 2025-2026 09/05/2025 @ Belmont L 0-3 3 25 16 5 2025-2026 09/05/2025 Tennessee  L 1-3 4,"['<dbl>, rerr <dbl>, block_solos <dbl>,\n#   block_assists <dbl>, berr <dbl>, pts <dbl>, bhe <dbl>,\n#   trpl_dbl <dbl>\n\nMatch Summary:\n# A tibble: 28 × 13\n   season    date       opponent    result     s kills errors\n   <chr>     <chr>      <chr>       <chr>  <dbl> <dbl>  <dbl>\n 1 2025-2026 08/29/2025 CSU Bakers… W 3-0      3    43     12\n 2 2025-2026 08/30/2025 Iowa @Las … L 2-3      5    50     25\n 3 2025-2026 08/31/2025 @ UNLV      W 3-0      3    43     11\n 4 2025-2026 09/04/2025 Weber St.   W 3-0      3    45     13\n 5 2025-2026 09/05/2025 Charleston… W 3-0      3    51     14\n 6 2025-2026 09/06/2025 Sacramento… W 3-2      5    59     28\n 7 2025-2026 09/11/2025 @ Boise St. L 0-3      3    31     26\n 8 2025-2026 09/12/2025 Idaho St. … W 3-0      3    46     19\n 9 2025-2026 09/13/2025 San', 'bl <dbl>\n\nMatch Summary:\n# A tibble: 29 × 13\n   season    date       opponent    result     s kills errors\n   <chr>     <chr>      <chr>       <chr>  <dbl> <dbl>  <dbl>\n 1 2025-2026 08/29/2025 Morgan St.… L 0-3      3    21     17\n 2 2025-2026 08/29/2025 Delaware S… L 0-3      3    20     20\n 3 2025-2026 08/30/2025 South Caro… L 1-3      4    42     30\n 4 2025-2026 09/05/2025 @ Belmont   L 0-3      3    25     16\n 5 2025-2026 09/05/2025 Tennessee … L 1-3      4    38     27\n 6 2025-2026 09/06/2025 Nicholls @… L 0-3      3    28     20\n 7 2025-2026 09/11/2025 @ New Orle… L 0-3      3    27     17\n 8 2025-2026 09/12/2025 @ Nicholls  L 1-3      4    42     21\n 9 2025-2026 09/13/2025 Abilene Ch… L 0-3      3    22     15\n10 2025-2026 09/18/2025 @ Tarleton… L 0-3      3    24     15\n# ℹ 19 more', 'tatt <dbl>, rerr <dbl>, block_solos <dbl>,\n#   block_assists <dbl>, berr <dbl>, pts <dbl>, bhe <dbl>,\n#   trpl_dbl <dbl>\n\nMatch Summary:\n# A tibble: 28 × 13\n   season    date       opponent    result     s kills errors\n   <chr>     <chr>      <chr>       <chr>  <dbl> <dbl>  <dbl>\n 1 2025-2026 08/30/2025 Stanford @… L 0-3      3    36     22\n 2 2025-2026 08/31/2025 @ Long Bea… L 0-3      3    33     15\n 3 2025-2026 09/04/2025 Arizona @B… L 1-3      4    54     27\n 4 2025-2026 09/05/2025 UC San Die… W 3-0      3    40     10\n 5 2025-2026 09/06/2025 @ Boise St. W 3-0      3    55     20\n 6 2025-2026 09/11/2025 Montana St. W 3-0      3    51      9\n 7 2025-2026 09/12/2025 UC Irvine   W 3-0      3    43     12\n 8 2025-2026 09/13/2025 UNLV        W 3-1      4    56     30\n 9 2025-2026 09/18/2025']"
Which team would be favored in a matchup between Texas and Wisconsin?,Wisconsin,Summary:  13 season date opponent result s kills errors chr> chr> chr> chr> dbl> dbl> 1 2025-2026 08/29/2025 @ UTSA W 3-0 3 46 13 2 2025-2026 08/30/2025 Texas St.  W 3-1 4 52 18 3 2025-2026 09/04/2025 Louisiana W 3-1 4 61 18 4 2025-2026 09/05/2025 Abilene Ch W 3-2 5 61 27 5 2025-2026 09/06/2025 Sam Houston L 1-3 4 67 29,"['lock_assists <dbl>, berr <dbl>, pts <dbl>, bhe <dbl>,\n#   trpl_dbl <dbl>\n\nMatch Summary:\n# A tibble: 29 × 13\n   season    date       opponent    result     s kills errors\n   <chr>     <chr>      <chr>       <chr>  <dbl> <dbl>  <dbl>\n 1 2025-2026 08/29/2025 Baylor @Ba… L 1-3      4    47     25\n 2 2025-2026 08/30/2025 @ LSU       L 0-3      3    26     18\n 3 2025-2026 09/05/2025 Central Mi… W 3-1      4    51     19\n 4 2025-2026 09/06/2025 Iowa St. @… L 0-3      3    28     19\n 5 2025-2026 09/07/2025 @ Milwaukee W 3-1      4    48     23\n 6 2025-2026 09/11/2025 Southeaste… W 3-0      3    40     11\n 7 2025-2026 09/13/2025 Tulane      W 3-1      4    69     27\n 8 2025-2026 09/16/2025 @ Mississi… L 1-3      4    54     26\n 9 2025-2026 09/18/2025 @ Samford   W 3-2      5    56     24\n10 2025-2', ', pts <dbl>, bhe <dbl>,\n#   trpl_dbl <dbl>\n\nMatch Summary:\n# A tibble: 31 × 13\n   season    date       opponent    result     s kills errors\n   <chr>     <chr>      <chr>       <chr>  <dbl> <dbl>  <dbl>\n 1 2025-2026 08/29/2025 @ UTSA      W 3-0      3    46     13\n 2 2025-2026 08/30/2025 Texas St. … W 3-1      4    52     18\n 3 2025-2026 09/04/2025 Louisiana   W 3-1      4    61     18\n 4 2025-2026 09/05/2025 Abilene Ch… W 3-2      5    61     27\n 5 2025-2026 09/06/2025 Sam Houston L 1-3      4    67     29\n 6 2025-2026 09/11/2025 @ Loyola C… L 2-3      5    66     24\n 7 2025-2026 09/12/2025 Bowling Gr… L 1-3      4    43     27\n 8 2025-2026 09/13/2025 Indiana @C… L 0-3      3    32     29\n 9 2025-2026 09/16/2025 Tarleton S… W 3-0      3    46      8\n10 2025-2026 09/18/2025 SMU         L 0', 'retatt <dbl>, rerr <dbl>, block_solos <dbl>,\n#   block_assists <dbl>, berr <dbl>, pts <dbl>, bhe <dbl>,\n#   trpl_dbl <dbl>\n\nMatch Summary:\n# A tibble: 28 × 13\n   season    date       opponent    result     s kills errors\n   <chr>     <chr>      <chr>       <chr>  <dbl> <dbl>  <dbl>\n 1 2025-2026 08/29/2025 @ Southern… L 0-3      3    31     14\n 2 2025-2026 08/30/2025 @ LMU (CA)  W 3-2      5    51     24\n 3 2025-2026 09/04/2025 Memphis     W 3-2      5    58     21\n 4 2025-2026 09/05/2025 Texas Sout… W 3-0      3    44     12\n 5 2025-2026 09/06/2025 Idaho St.   W 3-0      3    53     11\n 6 2025-2026 09/12/2025 Toledo @Bo… L 2-3      5    58     25\n 7 2025-2026 09/13/2025 Arkansas @… W 3-2      5    65     19\n 8 2025-2026 09/14/2025 @ Colorado  L 0-3      3    34     24\n 9 2025-2026 09/18/2']"
Which players most likely were named to the 2025 All‑American First Team?,adam sandler,yr pos chr> chr> chr> chr> chr> chr> chr> chr> chr> chr> chr> chr> chr> chr> chr> chr> chr> chr> chr> chr> chr> chr> chr> chr> chr> chr> chr> chr> chr,"['Team: San Francisco\nConference: WCC\nSeason: 2025\nTeamID: 605022\n\nTeam Season Stats:\n# A tibble: 1 × 21\n  season    teamid team         conference     s kills errors\n  <chr>     <chr>  <chr>        <chr>      <dbl> <dbl>  <dbl>\n1 2025-2026 605022 San Francis… WCC          102  1158    466\n# ℹ 14 more variables: total_attacks <dbl>, hit_pct <dbl>,\n#   assists <dbl>, aces <dbl>, serr <dbl>, digs <dbl>,\n#   retatt <dbl>, rerr <dbl>, block_solos <dbl>,\n#   block_assists <dbl>, berr <dbl>, pts <dbl>, bhe <dbl>,\n#   trpl_dbl <dbl>\n\nPlayer Stats:\n# A tibble: 16 × 28\n   season   teamid team  conference number player yr    pos  \n   <chr>    <chr>  <chr> <chr>       <dbl> <chr>  <chr> <chr>\n 1 2025-20… 605022 San … WCC             1 Emili… Fr    OH   \n 2 2025-20… 605022 San … WCC             2 Andre…', 'l>, assists <dbl>, aces <dbl>, serr <dbl>,\n#   digs <dbl>, retatt <dbl>, rerr <dbl>, block_solos <dbl>,\n#   block_assists <dbl>, berr <dbl>, pts <dbl>, bhe <dbl>,\n#   trpl_dbl <dbl>\n\nMatch Summary:\n# A tibble: 26 × 13\n   season    date       opponent    result     s kills errors\n   <chr>     <chr>      <chr>       <chr>  <dbl> <dbl>  <dbl>\n 1 2025-2026 08/29/2025 Milwaukee   W 3-0      3    46     12\n 2 2025-2026 08/30/2025 Milwaukee   W 3-0      3    46     12\n 3 2025-2026 09/04/2025 LSU @Houst… L 0-3      3    37     15\n 4 2025-2026 09/05/2025 @ Houston   L 0-3      3    38     16\n 5 2025-2026 09/06/2025 San Diego … L 1-3      4    49     14\n 6 2025-2026 09/13/2025 Saint Loui… W 3-1      4    53     15\n 7 2025-2026 09/14/2025 @ Iowa St.  L 1-3      4    41     17\n 8 2025-2026 09/19/2025', 'number player yr    pos  \n   <chr>    <chr>  <chr> <chr>       <dbl> <chr>  <chr> <chr>\n 1 2025-20… 605022 San … WCC             1 Emili… Fr    OH   \n 2 2025-20… 605022 San … WCC             2 Andre… Fr    S    \n 3 2025-20… 605022 San … WCC             4 Sina … Sr    MB   \n 4 2025-20… 605022 San … WCC             5 Kayla… Fr    L/DS \n 5 2025-20… 605022 San … WCC             6 Shann… Jr    MB   \n 6 2025-20… 605022 San … WCC             7 Hanna… Sr    RS   \n 7 2025-20… 605022 San … WCC             8 Anica… Sr    OH   \n 8 2025-20… 605022 San … WCC             9 Cagla… Sr    S    \n 9 2025-20… 605022 San … WCC            10 Jamie… So    DS   \n10 2025-20… 605022 San … WCC            11 Abby … Sr    L    \n11 2025-20… 605022 San … WCC            12 Taylo… Fr    OH   \n12 2025-20… 605022 San … WCC']"
